[
  {
    "path": "c:\\Users\\Administrator\\Desktop\\xiangmu\\ko_LGP\\static\\waitu.gif",
    "size": "3.25M"
  },
  {
    "path": "c:\\Users\\Administrator\\Desktop\\xiangmu\\ko_LGP\\static\\logo.png",
    "size": "154.79Kb"
  },
  {
    "path": "c:\\Users\\Administrator\\Desktop\\xiangmu\\ko_LGP\\static\\sy_tu.png",
    "size": "78.81Kb"
  },
  {
    "path": "c:\\Users\\Administrator\\Desktop\\xiangmu\\ko_LGP\\static\\launch_bg.png",
    "size": "70.04Kb"
  },
  {
    "path": "c:\\Users\\Administrator\\Desktop\\xiangmu\\ko_LGP\\static\\launch_bg.jpg",
    "size": "49.96Kb"
  },
  {
    "path": "c:\\Users\\Administrator\\Desktop\\xiangmu\\ko_LGP\\static\\purchase\\zheng.png",
    "size": "46.58Kb"
  },
  {
    "path": "c:\\Users\\Administrator\\Desktop\\xiangmu\\ko_LGP\\static\\lanuch_sc.webp",
    "size": "45.86Kb"
  },
  {
    "path": "c:\\Users\\Administrator\\Desktop\\xiangmu\\ko_LGP\\static\\purchase\\fan.png",
    "size": "33.41Kb"
  },
  {
    "path": "c:\\Users\\Administrator\\Desktop\\xiangmu\\ko_LGP\\static\\launch_img.png",
    "size": "25.38Kb"
  },
  {
    "path": "c:\\Users\\Administrator\\Desktop\\xiangmu\\ko_LGP\\static\\sc_kxbg.png",
    "size": "22.99Kb"
  },
  {
    "path": "c:\\Users\\Administrator\\Desktop\\xiangmu\\ko_LGP\\static\\sc_bg.png",
    "size": "21.16Kb"
  },
  {
    "path": "c:\\Users\\Administrator\\Desktop\\xiangmu\\ko_LGP\\static\\chuanggai\\logo2.png",
    "size": "17.80Kb"
  },
  {
    "path": "c:\\Users\\Administrator\\Desktop\\xiangmu\\ko_LGP\\static\\email.png",
    "size": "13.61Kb"
  },
  {
    "path": "c:\\Users\\Administrator\\Desktop\\xiangmu\\ko_LGP\\static\\shouye_bg.webp",
    "size": "13.42Kb"
  },
  {
    "path": "c:\\Users\\Administrator\\Desktop\\xiangmu\\ko_LGP\\static\\chuanggai\\logo.png",
    "size": "12.55Kb"
  },
  {
    "path": "c:\\Users\\Administrator\\Desktop\\xiangmu\\ko_LGP\\static\\chuanggai\\home-top.png",
    "size": "11.93Kb"
  },
  {
    "path": "c:\\Users\\Administrator\\Desktop\\xiangmu\\ko_LGP\\static\\cc_bg.png",
    "size": "7.17Kb"
  },
  {
    "path": "c:\\Users\\Administrator\\Desktop\\xiangmu\\ko_LGP\\static\\positive.png",
    "size": "6.60Kb"
  },
  {
    "path": "c:\\Users\\Administrator\\Desktop\\xiangmu\\ko_LGP\\static\\market\\no.png",
    "size": "6.48Kb"
  },
  {
    "path": "c:\\Users\\Administrator\\Desktop\\xiangmu\\ko_LGP\\static\\sy_gupiao2.png",
    "size": "5.41Kb"
  },
  {
    "path": "c:\\Users\\Administrator\\Desktop\\xiangmu\\ko_LGP\\static\\chuanggai\\beij.png",
    "size": "5.01Kb"
  },
  {
    "path": "c:\\Users\\Administrator\\Desktop\\xiangmu\\ko_LGP\\static\\sy_gupiao.png",
    "size": "4.82Kb"
  },
  {
    "path": "c:\\Users\\Administrator\\Desktop\\xiangmu\\ko_LGP\\static\\top2.png",
    "size": "2.46Kb"
  },
  {
    "path": "c:\\Users\\Administrator\\Desktop\\xiangmu\\ko_LGP\\static\\top5.png",
    "size": "2.45Kb"
  },
  {
    "path": "c:\\Users\\Administrator\\Desktop\\xiangmu\\ko_LGP\\static\\top4.png",
    "size": "2.18Kb"
  },
  {
    "path": "c:\\Users\\Administrator\\Desktop\\xiangmu\\ko_LGP\\static\\market\\close.png",
    "size": "2.06Kb"
  },
  {
    "path": "c:\\Users\\Administrator\\Desktop\\xiangmu\\ko_LGP\\static\\top7.png",
    "size": "1.91Kb"
  },
  {
    "path": "c:\\Users\\Administrator\\Desktop\\xiangmu\\ko_LGP\\static\\top6.png",
    "size": "1.76Kb"
  },
  {
    "path": "c:\\Users\\Administrator\\Desktop\\xiangmu\\ko_LGP\\static\\top3.png",
    "size": "1.66Kb"
  },
  {
    "path": "c:\\Users\\Administrator\\Desktop\\xiangmu\\ko_LGP\\static\\purchase\\baozheng.png",
    "size": "1.57Kb"
  },
  {
    "path": "c:\\Users\\Administrator\\Desktop\\xiangmu\\ko_LGP\\static\\top1.png",
    "size": "1.48Kb"
  },
  {
    "path": "c:\\Users\\Administrator\\Desktop\\xiangmu\\ko_LGP\\static\\top8.png",
    "size": "1.40Kb"
  },
  {
    "path": "c:\\Users\\Administrator\\Desktop\\xiangmu\\ko_LGP\\static\\purchase\\biaoqian.png",
    "size": "1.36Kb"
  },
  {
    "path": "c:\\Users\\Administrator\\Desktop\\xiangmu\\ko_LGP\\static\\icon\\sc.png",
    "size": "1.33Kb"
  },
  {
    "path": "c:\\Users\\Administrator\\Desktop\\xiangmu\\ko_LGP\\static\\purchase\\shangshen.png",
    "size": "1.23Kb"
  },
  {
    "path": "c:\\Users\\Administrator\\Desktop\\xiangmu\\ko_LGP\\static\\erceng\\44.png",
    "size": "1.20Kb"
  },
  {
    "path": "c:\\Users\\Administrator\\Desktop\\xiangmu\\ko_LGP\\static\\verify.png",
    "size": "1.15Kb"
  },
  {
    "path": "c:\\Users\\Administrator\\Desktop\\xiangmu\\ko_LGP\\static\\position2.png",
    "size": "1.11Kb"
  },
  {
    "path": "c:\\Users\\Administrator\\Desktop\\xiangmu\\ko_LGP\\static\\position.png",
    "size": "1.09Kb"
  },
  {
    "path": "c:\\Users\\Administrator\\Desktop\\xiangmu\\ko_LGP\\static\\sy_logo.png",
    "size": "1.03Kb"
  },
  {
    "path": "c:\\Users\\Administrator\\Desktop\\xiangmu\\ko_LGP\\static\\erceng\\sheng1.png",
    "size": "1.00Kb"
  },
  {
    "path": "c:\\Users\\Administrator\\Desktop\\xiangmu\\ko_LGP\\static\\market\\shuaxin.png",
    "size": "1012b"
  },
  {
    "path": "c:\\Users\\Administrator\\Desktop\\xiangmu\\ko_LGP\\static\\erceng\\shen2.png",
    "size": "999b"
  },
  {
    "path": "c:\\Users\\Administrator\\Desktop\\xiangmu\\ko_LGP\\static\\free2.png",
    "size": "988b"
  },
  {
    "path": "c:\\Users\\Administrator\\Desktop\\xiangmu\\ko_LGP\\static\\gp_tu.png",
    "size": "981b"
  },
  {
    "path": "c:\\Users\\Administrator\\Desktop\\xiangmu\\ko_LGP\\static\\my2.png",
    "size": "943b"
  },
  {
    "path": "c:\\Users\\Administrator\\Desktop\\xiangmu\\ko_LGP\\static\\market2.png",
    "size": "894b"
  },
  {
    "path": "c:\\Users\\Administrator\\Desktop\\xiangmu\\ko_LGP\\static\\home2.png",
    "size": "857b"
  },
  {
    "path": "c:\\Users\\Administrator\\Desktop\\xiangmu\\ko_LGP\\static\\refresh.png",
    "size": "848b"
  },
  {
    "path": "c:\\Users\\Administrator\\Desktop\\xiangmu\\ko_LGP\\static\\capital_deatil.png",
    "size": "831b"
  },
  {
    "path": "c:\\Users\\Administrator\\Desktop\\xiangmu\\ko_LGP\\static\\failed.png",
    "size": "822b"
  },
  {
    "path": "c:\\Users\\Administrator\\Desktop\\xiangmu\\ko_LGP\\static\\erceng\\shengou.png",
    "size": "795b"
  },
  {
    "path": "c:\\Users\\Administrator\\Desktop\\xiangmu\\ko_LGP\\static\\paypwd.png",
    "size": "784b"
  },
  {
    "path": "c:\\Users\\Administrator\\Desktop\\xiangmu\\ko_LGP\\static\\icon\\more.png",
    "size": "782b"
  },
  {
    "path": "c:\\Users\\Administrator\\Desktop\\xiangmu\\ko_LGP\\static\\about.png",
    "size": "731b"
  },
  {
    "path": "c:\\Users\\Administrator\\Desktop\\xiangmu\\ko_LGP\\static\\my.png",
    "size": "731b"
  },
  {
    "path": "c:\\Users\\Administrator\\Desktop\\xiangmu\\ko_LGP\\static\\free.png",
    "size": "722b"
  },
  {
    "path": "c:\\Users\\Administrator\\Desktop\\xiangmu\\ko_LGP\\static\\sousuo.png",
    "size": "697b"
  },
  {
    "path": "c:\\Users\\Administrator\\Desktop\\xiangmu\\ko_LGP\\static\\key.png",
    "size": "692b"
  },
  {
    "path": "c:\\Users\\Administrator\\Desktop\\xiangmu\\ko_LGP\\static\\purchase\\upload.png",
    "size": "691b"
  },
  {
    "path": "c:\\Users\\Administrator\\Desktop\\xiangmu\\ko_LGP\\static\\market\\top1.png",
    "size": "690b"
  },
  {
    "path": "c:\\Users\\Administrator\\Desktop\\xiangmu\\ko_LGP\\static\\market.png",
    "size": "686b"
  },
  {
    "path": "c:\\Users\\Administrator\\Desktop\\xiangmu\\ko_LGP\\static\\2.png",
    "size": "685b"
  },
  {
    "path": "c:\\Users\\Administrator\\Desktop\\xiangmu\\ko_LGP\\static\\sc_ss.png",
    "size": "654b"
  },
  {
    "path": "c:\\Users\\Administrator\\Desktop\\xiangmu\\ko_LGP\\static\\purchase\\ganggan.png",
    "size": "623b"
  },
  {
    "path": "c:\\Users\\Administrator\\Desktop\\xiangmu\\ko_LGP\\static\\sy_kf.png",
    "size": "565b"
  },
  {
    "path": "c:\\Users\\Administrator\\Desktop\\xiangmu\\ko_LGP\\static\\1.png",
    "size": "544b"
  },
  {
    "path": "c:\\Users\\Administrator\\Desktop\\xiangmu\\ko_LGP\\static\\sy_tz.png",
    "size": "521b"
  },
  {
    "path": "c:\\Users\\Administrator\\Desktop\\xiangmu\\ko_LGP\\static\\search_dark.png",
    "size": "515b"
  },
  {
    "path": "c:\\Users\\Administrator\\Desktop\\xiangmu\\ko_LGP\\static\\yuangou.png",
    "size": "514b"
  },
  {
    "path": "c:\\Users\\Administrator\\Desktop\\xiangmu\\ko_LGP\\static\\home.png",
    "size": "505b"
  },
  {
    "path": "c:\\Users\\Administrator\\Desktop\\xiangmu\\ko_LGP\\static\\star2.png",
    "size": "478b"
  },
  {
    "path": "c:\\Users\\Administrator\\Desktop\\xiangmu\\ko_LGP\\static\\zjt.png",
    "size": "474b"
  },
  {
    "path": "c:\\Users\\Administrator\\Desktop\\xiangmu\\ko_LGP\\static\\card.png",
    "size": "466b"
  },
  {
    "path": "c:\\Users\\Administrator\\Desktop\\xiangmu\\ko_LGP\\static\\shuaxin.png",
    "size": "418b"
  },
  {
    "path": "c:\\Users\\Administrator\\Desktop\\xiangmu\\ko_LGP\\static\\jiantou.png",
    "size": "364b"
  },
  {
    "path": "c:\\Users\\Administrator\\Desktop\\xiangmu\\ko_LGP\\static\\launch_loading_icon.png",
    "size": "343b"
  },
  {
    "path": "c:\\Users\\Administrator\\Desktop\\xiangmu\\ko_LGP\\static\\sc_ts.png",
    "size": "269b"
  },
  {
    "path": "c:\\Users\\Administrator\\Desktop\\xiangmu\\ko_LGP\\static\\arrow_left.png",
    "size": "195b"
  },
  {
    "path": "c:\\Users\\Administrator\\Desktop\\xiangmu\\ko_LGP\\static\\zuojiantou.png",
    "size": "195b"
  }
]