{
	//uview组件库
	"easycom": {
		"^u-(.*)": "@/node_modules/uview-ui/components/u-$1/u-$1.vue"
	},
	"globalStyle": {
		"navigationBarTextStyle": "white",
		"navigationBarTitleText": "#595959",
		"navigationBarBackgroundColor": "#FFFFF",
		"backgroundColor": "#FFFFFF"
	},
	"uniIdRouter": {},
	"tabBar": {
		"backgroundColor": "#FFFFFF",
		"borderStyle": "white",
		"selectedColor": "#f38528",
		"color": "#999",
		"fontSize": "12px",
		"height": "55px",
		"iconWidth": "33px",
		"spacing": "-2px",
		

		"list": [{
			"pagePath": "pages/index/index",
			"text": "홈",
			"iconPath": "static/home.png",
			"selectedIconPath": "static/home2.png"
		}, {
			"pagePath": "pages/free/free",
			"text": "관심종목",
			"iconPath": "static/free.png",
			"selectedIconPath": "static/free2.png"
		}, {
			"pagePath": "pages/market/market",
			"text": "최신소식",
			"iconPath": "static/market.png",
			"selectedIconPath": "static/market2.png"
		}, {
			"pagePath": "pages/position/position",
			"text": " 거래",
			"iconPath": "static/position.png",
			"selectedIconPath": "static/position2.png"
		}, {
			"pagePath": "pages/user/user",
			"text": " 더보기 ",
			"iconPath": "static/my.png",
			"selectedIconPath": "static/my2.png"
		}]
	},
	"pages": [ //pages数组中第一项表示应用启动页，参考：https://uniapp.dcloud.io/collocation/pages
		{
			"path": "pages/launch", // 自定义启动页
			"style": {
				"enablePullDownRefresh": false,
				"navigationStyle": "custom"
			}
		}, {
			"path": "pages/signin/signin",
			"style": {
				"navigationBarTitleText": "미래에셋 증권 기관웹",
				"enablePullDownRefresh": false,
				"navigationStyle": "custom" // 隐藏系统导航栏
			}
		},{
			"path": "pages/signin/hetong",
			"style": {
				"navigationBarTitleText": "미래에셋 증권 기관웹",
				"enablePullDownRefresh": false,
				"navigationStyle": "custom" // 隐藏系统导航栏
			}
		}, {
			"path": "pages/register/register",
			"style": {
				"navigationBarTitleText": "미래에셋 증권 기관웹",
				"enablePullDownRefresh": false,
				"navigationStyle": "custom" // 隐藏系统导航栏
			}
		}, {
			"path": "pages/searchFor/searchFor",
			"style": {
				"navigationBarTitleText": "검색",
				"enablePullDownRefresh": false,
				"navigationStyle": "custom" // 隐藏系统导航栏
			}
		}, {
			"path": "pages/email/email",
			"style": {
				"navigationBarTitleText": "알림",
				"enablePullDownRefresh": false,
				"navigationStyle": "custom" // 隐藏系统导航栏
			}
		}, {
			"path": "pages/index/index",
			"style": {
				"navigationBarTitleText": "", // 导航栏标题文字内容
				"enablePullDownRefresh": false, // 是否开启下拉刷新
				"navigationStyle": "custom" // 隐藏系统导航栏 // 单页导航栏设置,"default"默认显示 "custom"关闭状态
				// "navigationStyle": "custom", // 设置不显示原生导航栏 隐藏系统导航栏
				// "navigationBarTextStyle": "white" // 状态栏字体为白色，只能为 white-白色，black-黑色 二选一
			}
		}, {
			"path": "pages/trade/short",
			"style": {
				"navigationBarTitleText": "공모주신청",
				"enablePullDownRefresh": false,
				"navigationStyle": "custom" // 隐藏系统导航栏
			}
		}, {
			"path": "pages/trade/shortLog",
			"style": {
				"navigationBarTitleText": "대량 거래 기록",
				"enablePullDownRefresh": false,
				"navigationStyle": "custom" // 隐藏系统导航栏
			}
		}, {
			"path": "pages/trade/large",
			"style": {
				"navigationBarTitleText": "블록딜",
				"enablePullDownRefresh": false,
				"navigationStyle": "custom" // 隐藏系统导航栏
			}
		}, {
			"path": "pages/trade/largeLog",
			"style": {
				"navigationBarTitleText": "블록딜",
				"enablePullDownRefresh": false,
				"navigationStyle": "custom" // 隐藏系统导航栏
			}
		}, {
			"path": "pages/trade/ipo",
			"style": {
				"navigationBarTitleText": "대량 거래",
				"enablePullDownRefresh": false,
				"navigationStyle": "custom" // 隐藏系统导航栏
			}
		}, {
			"path": "pages/trade/ipoLog",
			"style": {
				"navigationBarTitleText": "대량 거래 기록",
				"enablePullDownRefresh": false,
				"navigationStyle": "custom" // 隐藏系统导航栏
			}
		}, {
			"path": "pages/trade/discount",
			"style": {
				"navigationBarTitleText": "신주 청약", // 축적
				"enablePullDownRefresh": false,
				"navigationStyle": "custom" // 隐藏系统导航栏
			}
		}, {
			"path": "pages/trade/discountLog",
			"style": {
				"navigationBarTitleText": "신주 청약", // 축적
				"enablePullDownRefresh": false,
				"navigationStyle": "custom" // 隐藏系统导航栏
			}
		}, {
			"path": "pages/trade/sale",
			"style": {
				"navigationBarTitleText": "신주 청약", // 新股配售
				"enablePullDownRefresh": false,
				"navigationStyle": "custom" // 隐藏系统导航栏
			}
		}, {
			"path": "pages/trade/saleLog",
			"style": {
				"navigationBarTitleText": "신주 청약", // 新股配售
				"enablePullDownRefresh": false,
				"navigationStyle": "custom" // 隐藏系统导航栏
			}
		}, {
			"path": "pages/trade/day",
			"style": {
				"navigationBarTitleText": " AI스마트거래", // 日内交易
				"enablePullDownRefresh": false,
				"navigationStyle": "custom" // 隐藏系统导航栏
			}
		}, {
			"path": "pages/trade/vip",
			"style": {
				"navigationBarTitleText": "vip",
				"enablePullDownRefresh": false,
				"navigationStyle": "custom" // 隐藏系统导航栏
			}
		}, {
			"path": "pages/trade/vipLog",
			"style": {
				"navigationBarTitleText": "대량 거래 기록",
				"enablePullDownRefresh": false,
				"navigationStyle": "custom" // 隐藏系统导航栏
			}
		}, {
			"path": "pages/user/user", // 个人中心
			"style": {
				"navigationBarTitleText": "더보기",
				"enablePullDownRefresh": true,
				"navigationStyle": "custom" // 隐藏系统导航栏
			}
		}, {
			"path": "pages/service/service",
			"style": {
				"navigationBarTitleText": "고객 센터",
				"enablePullDownRefresh": false,
				"navigationStyle": "custom", // 隐藏系统导航栏
				"app-plus": {
					"navigationBarBackgroundColor": "white",
					"navigationBarTextStyle": "black" //状态栏字体颜色
				}
			}
		}, {
			"path": "pages/changePwd/changePwd",
			"style": {
				"navigationBarTitleText": "로그인 비밀번호 변경",
				"enablePullDownRefresh": false,
				"navigationStyle": "custom" // 隐藏系统导航栏
			}
		}, {
			"path": "pages/payPwd/payPwd",
			"style": {
				"navigationBarTitleText": "결제 비밀번호 재설정",
				"enablePullDownRefresh": false,
				"navigationStyle": "custom" // 隐藏系统导航栏
			}
		}, {
			"path": "pages/bankCard/bankCard",
			"style": {
				"navigationBarTitleText": "개인 계좌 연동",
				"enablePullDownRefresh": false,
				"navigationStyle": "custom" // 隐藏系统导航栏
			}
		}, {
			"path": "pages/changeCard/changeCard",
			"style": {
				"navigationBarTitleText": "은행 카드 변경", // 变更绑定卡
				"enablePullDownRefresh": false,
				"navigationStyle": "custom" // 隐藏系统导航栏
			}
		}, {
			"path": "pages/capitalDetails/capitalDetails",
			"style": {
				"navigationBarTitleText": "입출금 세부 내역", // 基金详情
				"enablePullDownRefresh": false,
				"navigationStyle": "custom" // 隐藏系统导航栏
			}
		}, {
			"path": "pages/about/about",
			"style": {
				"navigationBarTitleText": "회사 소개",
				"enablePullDownRefresh": false,
				"navigationStyle": "custom" // 隐藏系统导航栏
			}
		},  {
			"path": "pages/certificateBank/silver",
			"style": {
				"navigationBarTitleText": "입금 정보",
				"enablePullDownRefresh": false,
				"navigationStyle": "custom" // 隐藏系统导航栏
			}
		}, {
			"path": "pages/certificateBank/silver-b",
			"style": {
				"navigationBarTitleText": "입금 정보",
				"enablePullDownRefresh": false,
				"navigationStyle": "custom" // 隐藏系统导航栏
			}
		}, {
			"path": "pages/versionUpdate/versionUpdate",
			"style": {
				"navigationBarTitleText": "새 버전 업데이트",
				"enablePullDownRefresh": false,
				"navigationStyle": "custom" // 隐藏系统导航栏
			}
		}, {
			"path": "pages/userAgreement/userAgreement",
			"style": {
				"navigationBarTitleText": "사용자 계약",
				"enablePullDownRefresh": false,
				"navigationStyle": "custom" // 隐藏系统导航栏
			}
		},
		{
			"path": "pages/privacyAgreement/privacyAgreement",
			"style": {
				"navigationBarTitleText": "개인 정보 보호 계약",
				"enablePullDownRefresh": false,
				"navigationStyle": "custom" // 隐藏系统导航栏
			}
		}, {
			"path": "pages/position/position",
			"style": {
				"navigationBarTitleText": "거래",
				"enablePullDownRefresh": false,
				"navigationStyle": "custom" // 隐藏系统导航栏
			}
		}, {
			"path": "pages/free/free",
			"style": {
				"navigationBarTitleText": "관심종목",
				"enablePullDownRefresh": true,
				"navigationStyle": "custom" // 隐藏系统导航栏
			}
		}, {
			"path": "pages/market/market", // 行情
			"style": {
				"navigationBarTitleText": "최신소식",
				"enablePullDownRefresh": true,
				"navigationStyle": "custom" // 隐藏系统导航栏
			}
		}, {
			"path": "pages/productDetails/productDetails",
			"style": {
				"navigationBarTitleText": "제품 세부 정보",
				"enablePullDownRefresh": false,
				"navigationStyle": "custom" // 隐藏系统导航栏
			}
		}, {
			"path": "pages/purchase/purchase",
			"style": {
				"navigationBarTitleText": "구입하다",
				"enablePullDownRefresh": false,
				"navigationStyle": "custom" // 隐藏系统导航栏
			}
		}, {
			"path": "pages/index/components/newShares/luckyNumber/luckyNumber",
			"style": {
				"navigationBarTitleText": "우승기록",
				"enablePullDownRefresh": false,
				"navigationStyle": "custom" // 隐藏系统导航栏
			}
		},
		{
			"path": "pages/index/components/newShares/nullElement/nullElement",
			"style": {
				"navigationBarTitleText": "IPO 세부사항",
				"enablePullDownRefresh": false,
				"navigationStyle": "custom" // 隐藏系统导航栏
			}
		},





		//  ================= 2024.03.04 =====================

		{
			"path": "pages/newShareRaising",
			"style": {
				"navigationBarTitleText": "신주 배정 판매",
				"enablePullDownRefresh": false,
				"navigationStyle": "custom" // 隐藏系统导航栏
			}
		}, {
			"path": "pages/ration",
			"style": {
				"navigationBarTitleText": "기록 보관",
				"enablePullDownRefresh": false,
				"navigationStyle": "custom" // 隐藏系统导航栏
			}
		}, {
			"path": "pages/IPODetail",
			"style": {
				"navigationBarTitleText": "IPO 세부사항",
				"enablePullDownRefresh": false,
				"navigationStyle": "custom" // 隐藏系统导航栏
			}
		},
		{
			"path": "pages/authentication/authentication",
			"style": {
				"navigationBarTitleText": "인증",
				"enablePullDownRefresh": false,
				"navigationStyle": "custom" // 隐藏系统导航栏
			}
		},
		{
			"path": "pages/prove",
			"style": {
				"navigationBarTitleText": "현금 인출",
				"enablePullDownRefresh": false,
				"navigationStyle": "custom" // 隐藏系统导航栏
			}
		},


		//   ==================================================


		{
			"path": "pages/my/components/duihuan/index",
			"style": {
				"navigationBarTitleText": "교환",
				"enablePullDownRefresh": false,
				"navigationStyle": "custom" // 隐藏系统导航栏
			}
		},

		{
			"path": "pages/index/components/newShares/ration/luckyNumber",
			"style": {
				"navigationBarTitleText": "우승기록",
				"enablePullDownRefresh": false,
				"navigationStyle": "custom" // 隐藏系统导航栏
			}

		},

		{
			"path": "pages/index/components/newShares/offlinePlacement/offlinePlacement",
			"style": {
				"navigationBarTitleText": "신주 배정",
				"enablePullDownRefresh": false,
				"navigationStyle": "custom" // 隐藏系统导航栏
			}

		},
		{
			"path": "pages/index/components/secondRow/dragonTiger/dragonTiger",
			"style": {
				"navigationBarTitleText": "용과 호랑이 목록",
				"enablePullDownRefresh": false,
				"navigationStyle": "custom" // 隐藏系统导航栏
			}

		},
		{
			"path": "pages/index/components/secondRow/stopResumeTrading/stopResumeTrading",
			"style": {
				"navigationBarTitleText": "일일 거래 중단 및 재개",
				"enablePullDownRefresh": false,
				"navigationStyle": "custom" // 隐藏系统导航栏
			}

		},
		{
			"path": "pages/index/components/secondRow/tradingShares/tradingShares",
			"style": {
				"navigationBarTitleText": "상위 10개 거래 주식",
				"enablePullDownRefresh": false,
				"navigationStyle": "custom" // 隐藏系统导航栏
			}

		},
		{
			"path": "pages/index/components/secondRow/dailyLimit/dailyLimit",
			"style": {
				"navigationBarTitleText": "일일 한도",
				"enablePullDownRefresh": false,
				"navigationStyle": "custom" // 隐藏系统导航栏
			}

		},
		{
			"path": "pages/index/components/secondRow/transactionRules/transactionRules",
			"style": {
				"navigationBarTitleText": "거래 규칙",
				"enablePullDownRefresh": false,
				"navigationStyle": "custom" // 隐藏系统导航栏
			}

		},
		{
			"path": "pages/index/components/newsDetail",
			"style": {
				"navigationBarTitleText": "뉴스 세부정보",
				"enablePullDownRefresh": false,
				"navigationStyle": "custom" // 隐藏系统导航栏
			}
		}, {
			"path": "pages/my/components/setUp/setUp",
			"style": {
				"navigationBarTitleText": "설정",
				"enablePullDownRefresh": false,
				"navigationStyle": "custom" // 隐藏系统导航栏
			}

		}, {
			"path": "pages/my/components/setUp/modifyAvatar",
			"style": {
				"navigationBarTitleText": "아바타 수정",
				"enablePullDownRefresh": false,
				"navigationStyle": "custom" // 隐藏系统导航栏
			}

		},

		{
			"path": "pages/index/components/newShares/placeOrder/placeOrder",
			"style": {
				"navigationBarTitleText": "주문",
				"enablePullDownRefresh": false,
				"navigationStyle": "custom" // 隐藏系统导航栏
			}

		},
		{
			"path": "pages/forgot",
			"style": {
				"navigationBarTitleText": "비밀번호 잊어버려",
				"enablePullDownRefresh": false,
				"navigationStyle": "custom" // 隐藏系统导航栏
			}

		}
	],
	"condition": {
		//模式配置，仅开发期间生效
		"current": 0, //当前激活的模式(list 的索引项)
		"list": [{
			"name": "", //模式이름
			"path": "", //启动页面，必选
			"query": "" //启动参数，在页面的onLoad函数里面得到
		}]
	}
}