[
  {
    "path": "c:\\Users\\Administrator\\Desktop\\xiangmu\\tuerqi_zonghe\\static\\launch_bg.png",
    "size": "8.91Kb"
  },
  {
    "path": "c:\\Users\\Administrator\\Desktop\\xiangmu\\tuerqi_zonghe\\unpackage\\dist\\build\\web\\static\\launch_bg.png",
    "size": "8.91Kb"
  },
  {
    "path": "c:\\Users\\Administrator\\Desktop\\xiangmu\\tuerqi_zonghe\\static\\top11.png",
    "size": "6.40Kb"
  },
  {
    "path": "c:\\Users\\Administrator\\Desktop\\xiangmu\\tuerqi_zonghe\\unpackage\\dist\\build\\web\\static\\top11.png",
    "size": "6.40Kb"
  },
  {
    "path": "c:\\Users\\Administrator\\Desktop\\xiangmu\\tuerqi_zonghe\\static\\top9.png",
    "size": "1.40Kb"
  },
  {
    "path": "c:\\Users\\Administrator\\Desktop\\xiangmu\\tuerqi_zonghe\\unpackage\\dist\\build\\web\\static\\top9.png",
    "size": "1.40Kb"
  },
  {
    "path": "c:\\Users\\Administrator\\Desktop\\xiangmu\\tuerqi_zonghe\\static\\top10.png",
    "size": "1.34Kb"
  },
  {
    "path": "c:\\Users\\Administrator\\Desktop\\xiangmu\\tuerqi_zonghe\\unpackage\\dist\\build\\web\\static\\top10.png",
    "size": "1.34Kb"
  },
  {
    "path": "c:\\Users\\Administrator\\Desktop\\xiangmu\\tuerqi_zonghe\\static\\top8.png",
    "size": "1.13Kb"
  },
  {
    "path": "c:\\Users\\Administrator\\Desktop\\xiangmu\\tuerqi_zonghe\\unpackage\\dist\\build\\web\\static\\top8.png",
    "size": "1.13Kb"
  },
  {
    "path": "c:\\Users\\Administrator\\Desktop\\xiangmu\\tuerqi_zonghe\\static\\top7.png",
    "size": "1.06Kb"
  },
  {
    "path": "c:\\Users\\Administrator\\Desktop\\xiangmu\\tuerqi_zonghe\\unpackage\\dist\\build\\web\\static\\top7.png",
    "size": "1.06Kb"
  },
  {
    "path": "c:\\Users\\Administrator\\Desktop\\xiangmu\\tuerqi_zonghe\\static\\top6.png",
    "size": "1.03Kb"
  },
  {
    "path": "c:\\Users\\Administrator\\Desktop\\xiangmu\\tuerqi_zonghe\\unpackage\\dist\\build\\web\\static\\top6.png",
    "size": "1.03Kb"
  },
  {
    "path": "c:\\Users\\Administrator\\Desktop\\xiangmu\\tuerqi_zonghe\\static\\hide.png",
    "size": "345b"
  },
  {
    "path": "c:\\Users\\Administrator\\Desktop\\xiangmu\\tuerqi_zonghe\\unpackage\\dist\\build\\web\\static\\hide.png",
    "size": "345b"
  }
]