{
	"easycom": {
		"^u-(.*)": "@/uview-ui/components/u-$1/u-$1.vue"
	},
	"pages": [{
		"path": "pages/index/index",
		"style": {
			"navigationBarTitleText": "",
			"enablePullDownRefresh": false
		}
	}, {
		"path": "pages/common/login",
		"style": {
			"navigationBarTitleText": "",
			"enablePullDownRefresh": false
		}
	}, {
		"path": "pages/common/register",
		"style": {
			"navigationBarTitleText": "",
			"enablePullDownRefresh": false
		}
	}, {
		"path": "pages/common/area",
		"style": {
			"navigationBarTitleText": "",
			"enablePullDownRefresh": false
		}
	}, {
		"path": "pages/setting/setting",
		"style": {
			"navigationBarTitleText": "",
			"enablePullDownRefresh": false
		}
	}, {
		"path": "pages/setting/userInfo",
		"style": {
			"navigationBarTitleText": "",
			"enablePullDownRefresh": false
		}
	}, {
		"path": "pages/setting/security",
		"style": {
			"navigationBarTitleText": "",
			"enablePullDownRefresh": false
		}
	}, {
		"path": "pages/setting/password",
		"style": {
			"navigationBarTitleText": "",
			"enablePullDownRefresh": false
		}
	}, {
		"path": "pages/setting/payPassword",
		"style": {
			"navigationBarTitleText": "",
			"enablePullDownRefresh": false
		}
	}, {
		"path": "pages/setting/coupon",
		"style": {
			"navigationBarTitleText": "",
			"enablePullDownRefresh": false
		}
	}, {
		"path": "pages/setting/wallet",
		"style": {
			"navigationBarTitleText": "",
			"enablePullDownRefresh": false
		}
	}, {
		"path": "pages/setting/bill",
		"style": {
			"navigationBarTitleText": "",
			"enablePullDownRefresh": false
		}
	}, {
		"path": "pages/fund/select",
		"style": {
			"navigationBarTitleText": "",
			"enablePullDownRefresh": false
		}
	}, {
		"path": "pages/fund/receive",
		"style": {
			"navigationBarTitleText": "",
			"enablePullDownRefresh": false
		}
	}, {
		"path": "pages/fund/receive_withdraw_record",
		"style": {
			"navigationBarTitleText": "",
			"enablePullDownRefresh": false
		}
	}, {
		"path": "pages/market/market",
		"style": {
			"navigationBarTitleText": "",
			"enablePullDownRefresh": false
		}
	},{
		"path": "pages/fund/assets",
		"style": {
			"navigationBarTitleText": "",
			"enablePullDownRefresh": false
		}
	}, {
		"path": "pages/copytrade/copy",
		"style": {
			"navigationBarTitleText": "",
			"enablePullDownRefresh": false
		}
	}, {
		"path": "pages/copytrade/my",
		"style": {
			"navigationBarTitleText": "",
			"enablePullDownRefresh": false
		}
	}, {
		"path": "pages/copytrade/trader",
		"style": {
			"navigationBarTitleText": "",
			"enablePullDownRefresh": false
		}
	}    ,{
            "path" : "pages/fund/withdraw",
            "style" :                                                                                    
            {
                "navigationBarTitleText": "",
                "enablePullDownRefresh": false
            }
            
        }
        ,{
            "path" : "pages/otc/otc",
            "style" :                                                                                    
            {
                "navigationBarTitleText": "",
                "enablePullDownRefresh": false
            }
            
        }
        ,{
            "path" : "pages/setting/real",
            "style" :                                                                                    
            {
                "navigationBarTitleText": "",
                "enablePullDownRefresh": false
            }
            
        }
        ,{
            "path" : "pages/setting/addWallet",
            "style" :                                                                                    
            {
                "navigationBarTitleText": "",
                "enablePullDownRefresh": false
            }
            
        }
        ,{
            "path" : "pages/market/search",
            "style" :                                                                                    
            {
                "navigationBarTitleText": "",
                "enablePullDownRefresh": false
            }
            
        }
        ,{
            "path" : "pages/common/article",
            "style" :                                                                                    
            {
                "navigationBarTitleText": "",
                "enablePullDownRefresh": false
            }
            
        }
        ,{
            "path" : "pages/ieo/ieo",
            "style" :                                                                                    
            {
                "navigationBarTitleText": "",
                "enablePullDownRefresh": false
            }
            
        }
        ,{
            "path" : "pages/ieo/subscribe",
            "style" :                                                                                    
            {
                "navigationBarTitleText": "",
                "enablePullDownRefresh": false
            }
            
        }
        ,{
            "path" : "pages/common/webView",
            "style" :                                                                                    
            {
				"navigationStyle": "default",
                "navigationBarTitleText": "",
                "enablePullDownRefresh": false
            }
            
        }
        ,{
            "path" : "pages/ieo/order",
            "style" :                                                                                    
            {
                "navigationBarTitleText": "",
                "enablePullDownRefresh": false
            }
            
        }
        ,{
            "path" : "pages/lockming/lockming",
            "style" :                                                                                    
            {
                "navigationBarTitleText": "",
                "enablePullDownRefresh": false
            }
            
        }
        ,{
            "path" : "pages/lockming/buy",
            "style" :                                                                                    
            {
                "navigationBarTitleText": "",
                "enablePullDownRefresh": false
            }
            
        }
        ,{
            "path" : "pages/lockming/order",
            "style" :                                                                                    
            {
                "navigationBarTitleText": "",
                "enablePullDownRefresh": false
            }
            
        },{
            "path" : "pages/fund/maibi",
            "style" :                                                                                    
            {
                "navigationBarTitleText": "",
                "enablePullDownRefresh": false
            }
            
        }
        ,{
            "path" : "pages/fund/assets_record",
            "style" :                                                                                    
            {
                "navigationBarTitleText": "",
                "enablePullDownRefresh": false
            }
            
        }
        ,{
            "path" : "pages/fund/transfer",
            "style" :                                                                                    
            {
                "navigationBarTitleText": "",
                "enablePullDownRefresh": false
            }
            
        }
        ,{
            "path" : "pages/fund/fundTransfer",
            "style" :                                                                                    
            {
                "navigationBarTitleText": "",
                "enablePullDownRefresh": false
            }
            
        }
        ,{
            "path" : "pages/fund/assets_all_record",
            "style" :                                                                                    
            {
                "navigationBarTitleText": "",
                "enablePullDownRefresh": false
            }
            
        }
        ,{
            "path" : "pages/fund/transfer_history",
            "style" :                                                                                    
            {
                "navigationBarTitleText": "",
                "enablePullDownRefresh": false
            }
            
        }
        ,{
            "path" : "pages/transaction/index",
            "style" :                                                                                    
            {
                "navigationBarTitleText": "",
                "enablePullDownRefresh": false
            }
            
        }
        ,{
            "path" : "pages/transaction/currency",
            "style" :                                                                                    
            {
                "navigationBarTitleText": "",
                "enablePullDownRefresh": false
            }
            
        }
        ,{
            "path" : "pages/transaction/currency_order",
            "style" :                                                                                    
            {
                "navigationBarTitleText": "",
                "enablePullDownRefresh": false
            }
            
        }
        ,{
            "path" : "pages/transaction/contract",
            "style" :                                                                                    
            {
                "navigationBarTitleText": "",
                "enablePullDownRefresh": false
            }
            
        }
        ,{
            "path" : "pages/transaction/contract_order",
            "style" :                                                                                    
            {
                "navigationBarTitleText": "",
                "enablePullDownRefresh": false
            }
            
        }
        ,{
            "path" : "pages/transaction/seconds_order",
            "style" :                                                                                    
            {
                "navigationBarTitleText": "",
                "enablePullDownRefresh": false
            }
            
        }
        ,{
            "path" : "pages/nft/nft",
            "style" :                                                                                    
            {
                "navigationBarTitleText": "",
                "enablePullDownRefresh": false
            }
            
        }
        ,{
            "path" : "pages/nft/artistDetail",
            "style" :                                                                                    
            {
                "navigationBarTitleText": "",
                "enablePullDownRefresh": false
            }
            
        }
        ,{
            "path" : "pages/nft/mine",
            "style" :                                                                                    
            {
                "navigationBarTitleText": "",
                "enablePullDownRefresh": false
            }
            
        }
        ,{
            "path" : "pages/invest/invest",
            "style" :                                                                                    
            {
                "navigationBarTitleText": "",
                "enablePullDownRefresh": false
            }
            
        }
        ,{
            "path" : "pages/invest/mine",
            "style" :                                                                                    
            {
                "navigationBarTitleText": "",
                "enablePullDownRefresh": false
            }
            
        }
        ,{
            "path" : "pages/follow/index",
            "style" :                                                                                    
            {
                "navigationBarTitleText": "",
                "enablePullDownRefresh": false
            }
            
        }
        ,{
            "path" : "pages/follow/trader",
            "style" :                                                                                    
            {
                "navigationBarTitleText": "",
                "enablePullDownRefresh": false
            }
            
        }
        ,{
            "path" : "pages/invest/purchase",
            "style" :                                                                                    
            {
                "navigationBarTitleText": "",
                "enablePullDownRefresh": false
            }
            
        }
        ,{
            "path" : "pages/follow/follow",
            "style" :                                                                                    
            {
                "navigationBarTitleText": "",
                "enablePullDownRefresh": false
            }
            
        }
        ,{
            "path" : "pages/follow/agreement_zh",
            "style" :                                                                                    
            {
                "navigationBarTitleText": "",
                "enablePullDownRefresh": false
            }
            
        }
        ,{
            "path" : "pages/follow/agreement_en",
            "style" :                                                                                    
            {
                "navigationBarTitleText": "",
                "enablePullDownRefresh": false
            }
            
        }
        ,{
            "path" : "pages/invest/help",
            "style" :                                                                                    
            {
                "navigationBarTitleText": "",
                "enablePullDownRefresh": false
            }
            
        }
        ,{
            "path" : "pages/nft/components/artist",
            "style" :                                                                                    
            {
                "navigationBarTitleText": "",
                "enablePullDownRefresh": false
            }
            
        }
        ,{
            "path" : "pages/nft/components/artwork",
            "style" :                                                                                    
            {
                "navigationBarTitleText": "",
                "enablePullDownRefresh": false
            }
            
        }
        ,{
            "path" : "pages/nft/artworkDetail",
            "style" :                                                                                    
            {
                "navigationBarTitleText": "",
                "enablePullDownRefresh": false
            }
            
        }
        ,{
            "path" : "pages/nft/purchase",
            "style" :                                                                                    
            {
                "navigationBarTitleText": "",
                "enablePullDownRefresh": false
            }
            
        }
        ,{
            "path" : "pages/nft/components/search",
            "style" :                                                                                    
            {
                "navigationBarTitleText": "",
                "enablePullDownRefresh": false
            }
            
        }
        ,{
            "path" : "pages/nft/components/collection",
            "style" :                                                                                    
            {
                "navigationBarTitleText": "",
                "enablePullDownRefresh": false
            }
            
        }
        ,{
            "path" : "pages/nft/purchase_one",
            "style" :                                                                                    
            {
                "navigationBarTitleText": "",
                "enablePullDownRefresh": false
            }
            
        }
        ,{
            "path" : "pages/nft/resell",
            "style" :                                                                                    
            {
                "navigationBarTitleText": "",
                "enablePullDownRefresh": false
            }
            
        }
        ,{
            "path" : "pages/nft/myNft",
            "style" :                                                                                    
            {
                "navigationBarTitleText": "",
                "enablePullDownRefresh": false
            }
            
        }
        ,{
            "path" : "pages/game/game",
            "style" :                                                                                    
            {
                "navigationBarTitleText": "",
                "enablePullDownRefresh": false
            }
            
        }
        ,{
            "path" : "pages/nft/artworkDetail_video",
            "style" :                                                                                    
            {
                "navigationBarTitleText": "",
                "enablePullDownRefresh": false
            }
            
        }
        ,{
            "path" : "pages/financial/index",
            "style" :                                                                                    
            {
                "navigationBarTitleText": "",
                "enablePullDownRefresh": false
            }
            
        }
        ,{
            "path" : "pages/transaction/index2",
            "style" :                                                                                    
            {
                "navigationBarTitleText": "",
                "enablePullDownRefresh": false
            }
            
        }
        ,{
            "path" : "pages/setting/real_mark",
            "style" :                                                                                    
            {
                "navigationBarTitleText": "",
                "enablePullDownRefresh": false
            }
            
        }
        ,{
            "path" : "pages/setting/operational_compliance",
            "style" :                                                                                    
            {
                "navigationBarTitleText": "",
                "enablePullDownRefresh": false
            }
            
        }
        ,{
            "path" : "pages/setting/share",
            "style" :                                                                                    
            {
                "navigationBarTitleText": "",
                "enablePullDownRefresh": false
            }
            
        }
        ,{
            "path" : "pages/setting/areas",
            "style" :                                                                                    
            {
                "navigationBarTitleText": "",
                "enablePullDownRefresh": false
            }
            
        }
        ,{
            "path" : "pages/setting/bank",
            "style" :                                                                                    
            {
                "navigationBarTitleText": "",
                "enablePullDownRefresh": false
            }
            
        }
        ,{
            "path" : "pages/lockming/welcome",
            "style" :                                                                                    
            {
                "navigationBarTitleText": "",
                "enablePullDownRefresh": false
            }
            
        }
        ,{
            "path" : "pages/kefu/index",
            "style" :                                                                                    
            {
                "navigationBarTitleText": "",
                "enablePullDownRefresh": false
            }
            
        }
        ,{
            "path" : "pages/setting/bank_international",
            "style" :                                                                                    
            {
                "navigationBarTitleText": "",
                "enablePullDownRefresh": false
            }
            
        }
        ,{
            "path" : "pages/common/faq",
            "style" :                                                                                    
            {
                "navigationBarTitleText": "",
                "enablePullDownRefresh": false
            }
            
        }
        ,{
            "path" : "pages/common/contactus",
            "style" :                                                                                    
            {
                "navigationBarTitleText": "",
                "enablePullDownRefresh": false
            }
            
        }
        ,{
            "path" : "pages/common/aboutus",
            "style" :                                                                                    
            {
                "navigationBarTitleText": "",
                "enablePullDownRefresh": false
            }
            
        }
        ,{
            "path" : "pages/common/borrowing",
            "style" :                                                                                    
            {
                "navigationBarTitleText": "",
                "enablePullDownRefresh": false
            }
            
        }
        ,{
            "path" : "uview-ui/nft/nft",
            "style" :                                                                                    
            {
                "navigationBarTitleText": "",
                "enablePullDownRefresh": false
            }
            
        }
    ],
	"globalStyle": {
		"navigationStyle": "custom",
		"navigationBarTextStyle": "black",
		"navigationBarBackgroundColor": "#FFFFFF",
		"backgroundColor": "#303133",
		"backgroundColorTop":"#222222",
		"backgroundColorBottom":"#333333",
		"app-plus":{
			"background":"rgb(20, 21, 26)"
		}
	},
	"tabBar": {
		"color": "#8E8D92",
		"selectedColor": "#FFC34A",
		"backgroundColor": "#272E38",
		"borderStyle": "black",
		"list": [{
			"pagePath": "pages/index/index",
			"iconPath": "static/image/nav/nav-1.png",
			"selectedIconPath": "static/image/nav/nav-1-active.png",
			"text": "首页"
		}, {
			"pagePath": "pages/market/market",
			"iconPath": "static/image/nav/nav-2.png",
			"selectedIconPath": "static/image/nav/nav-2-active.png",
			"text": "行情"
		}, {
			"pagePath": "pages/transaction/index",
			"iconPath": "static/image/nav/nav-3.png",
			"selectedIconPath": "static/image/nav/nav-3-active.png",
			"text": "交易"
		}, {
			"pagePath": "pages/financial/index",
			"iconPath": "static/image/nav/nav-4.png",
			"selectedIconPath": "static/image/nav/nav-4-active.png",
			"text": "金融"
		}, {
			"pagePath": "pages/fund/assets",
			"iconPath": "static/image/nav/nav-5.png",
			"selectedIconPath": "static/image/nav/nav-5-active.png",
			"text": "资产"
		}]
	}
}